startest,,鱼雷,手动触发,,2015-06-03,--&-0.09&--&--&--&--,--&--&--&--,--,--,0.2,0.2,--&--,--
0,1,1,1,1,1,1,0,0,0,0,0,0,1
True,False,True,False,False,False,False,False,False,False,False,False,False,False
0.0,-0.1013,-0.115309475708,-0.1013,-0.1013,-0.1013,-0.1013,4.45915222168,4.48318481445,4.45724487305,4.47242736816,0.0,0.0,0
0.0005,-0.1013,-0.0936133850098,-0.1013,-0.1013,-0.1013,-0.1013,4.44488525391,4.46937561035,4.44496154785,4.45762634277,0.0,0.0,0.0
0.001,-0.1013,-0.107918499756,-0.1013,-0.1013,-0.1013,-0.1013,4.43305969238,4.4554901123,4.43145751953,4.44549560547,0.0,0.0,0.0
0.0015,-0.1013,-0.115547894287,-0.1013,-0.1013,-0.1013,-0.1013,4.4441986084,4.47555541992,4.4563293457,4.47769165039,0.0,0.0,0.0
0.002,-0.1013,-0.111733197021,-0.1013,-0.1013,-0.1013,-0.1013,4.5735168457,4.60708618164,4.59281921387,4.61608886719,0.0,0.0,0.0
0.0025,-0.1013,-0.113402127075,-0.1013,-0.1013,-0.1013,-0.1013,4.6654510498,4.69116210938,4.66377258301,4.67910766602,0.0,0.0,0.0
0.003,-0.1013,-0.113640545654,-0.1013,-0.1013,-0.1013,-0.1013,4.65148925781,4.67704772949,4.65156555176,4.66407775879,0.0,0.0,0.0
0.0035,-0.1013,-0.120554684448,-0.1013,-0.1013,-0.1013,-0.1013,4.63623046875,4.65980529785,4.6346282959,4.64897155762,0.0,0.0,0.0
0.004,-0.1013,-0.115309475708,-0.1013,-0.1013,-0.1013,-0.1013,4.61921691895,4.64530944824,4.61868286133,4.63340759277,0.0,0.0,0.0
0.0045,-0.1013,-0.110064266968,-0.1013,-0.1013,-0.1013,-0.1013,4.60586547852,4.62890625,4.60472106934,4.61769104004,0.0,0.0,0.0
0.005,-0.1013,-0.113402127075,-0.1013,-0.1013,-0.1013,-0.1013,4.59053039551,4.61540222168,4.58908081055,4.60403442383,0.0,0.0,0.0
0.0055,-0.1013,-0.115547894287,-0.1013,-0.1013,-0.1013,-0.1013,4.57565307617,4.60052490234,4.57557678223,4.58854675293,0.0,0.0,0.0
0.006,-0.1013,-0.112448452759,-0.1013,-0.1013,-0.1013,-0.1013,4.56237792969,4.58587646484,4.56085205078,4.57534790039,0.0,0.0,0.0
0.0065,-0.1013,-0.112925289917,-0.1013,-0.1013,-0.1013,-0.1013,4.54704284668,4.5726776123,4.54650878906,4.560546875,0.0,0.0,0.0
0.007,-0.1013,-0.119124172974,-0.1013,-0.1013,-0.1013,-0.1013,4.53453063965,4.55741882324,4.53338623047,4.54643249512,0.0,0.0,0.0
0.0075,-0.1013,-0.112448452759,-0.1013,-0.1013,-0.1013,-0.1013,4.51972961426,4.54467773438,4.51835632324,4.53338623047,0.0,0.0,0.0
0.008,-0.1013,-0.117932080078,-0.1013,-0.1013,-0.1013,-0.1013,4.50569152832,4.5304107666,4.50592041016,4.51858520508,0.0,0.0,0.0
0.0085,-0.1013,-0.115547894287,-0.1013,-0.1013,-0.1013,-0.1013,4.49333190918,4.51629638672,4.49157714844,4.50607299805,0.0,0.0,0.0
0.009,-0.1013,-0.107680081177,-0.1013,-0.1013,-0.1013,-0.1013,4.47807312012,4.50355529785,4.47784423828,4.49203491211,0.0,0.0,0.0
0.0095,-0.1013,-0.110779522705,-0.1013,-0.1013,-0.1013,-0.1013,4.46617126465,4.48867797852,4.4652557373,4.47799682617,0.0,0.0,0.0
0.01,-0.1013,-0.114117382813,-0.1013,-0.1013,-0.1013,-0.1013,4.45190429688,4.47647094727,4.45068359375,4.4654083252,0.0,0.0,0.0
0.0105,-0.1013,-0.118647335815,-0.1013,-0.1013,-0.1013,-0.1013,4.43794250488,4.46235656738,4.43840026855,4.45091247559,0.0,0.0,0.0
0.011,-0.1013,-0.113878964233,-0.1013,-0.1013,-0.1013,-0.1013,4.43199157715,4.45587158203,4.43328857422,4.44892883301,0.0,0.0,0.0
0.0115,-0.1013,-0.113402127075,-0.1013,-0.1013,-0.1013,-0.1013,4.49752807617,4.53216552734,4.51622009277,4.5401763916,0.0,0.0,0.0
0.012,-0.1013,-0.113163708496,-0.1013,-0.1013,-0.1013,-0.1013,4.63973999023,4.67025756836,4.65187072754,4.67086791992,0.0,0.0,0.0
0.0125,-0.1013,-0.105772732544,-0.1013,-0.1013,-0.1013,-0.1013,4.66133117676,4.68704223633,4.65873718262,4.67292785645,0.0,0.0,0.0
0.013,-0.1013,-0.110779522705,-0.1013,-0.1013,-0.1013,-0.1013,4.64317321777,4.66781616211,4.64302062988,4.6558380127,0.0,0.0,0.0
0.0135,-0.1013,-0.116024731445,-0.1013,-0.1013,-0.1013,-0.1013,4.62829589844,4.65187072754,4.62615966797,4.64126586914,0.0,0.0,0.0
0.014,-0.1013,-0.114355801392,-0.1013,-0.1013,-0.1013,-0.1013,4.61143493652,4.63760375977,4.61082458496,4.62516784668,0.0,0.0,0.0
0.0145,-0.1013,-0.113640545654,-0.1013,-0.1013,-0.1013,-0.1013,4.59861755371,4.6215057373,4.59732055664,4.61013793945,0.0,0.0,0.0
0.015,-0.1013,-0.116739987183,-0.1013,-0.1013,-0.1013,-0.1013,4.58267211914,4.60815429688,4.58145141602,4.59663391113,0.0,0.0,0.0
0.0155,-0.1013,-0.122223614502,-0.1013,-0.1013,-0.1013,-0.1013,4.56802368164,4.59281921387,4.56878662109,4.58114624023,0.0,0.0,0.0
0.016,-0.1013,-0.114355801392,-0.1013,-0.1013,-0.1013,-0.1013,4.55513000488,4.57870483398,4.55368041992,4.56848144531,0.0,0.0,0.0
0.0165,-0.1013,-0.112686871338,-0.1013,-0.1013,-0.1013,-0.1013,4.53987121582,4.56550598145,4.53948974609,4.55360412598,0.0,0.0,0.0
0.017,-0.1013,-0.106964825439,-0.1013,-0.1013,-0.1013,-0.1013,4.52758789062,4.55024719238,4.52651977539,4.53941345215,0.0,0.0,0.0
0.0175,-0.1013,-0.111256359863,-0.1013,-0.1013,-0.1013,-0.1013,4.51240539551,4.53788757324,4.51141357422,4.52644348145,0.0,0.0,0.0
0.018,-0.1013,-0.106011151123,-0.1013,-0.1013,-0.1013,-0.1013,4.49890136719,4.5231628418,4.49920654297,4.51171875,0.0,0.0,0.0
0.0185,-0.1013,-0.11745524292,-0.1013,-0.1013,-0.1013,-0.1013,4.48654174805,4.50942993164,4.48448181152,4.49935913086,0.0,0.0,0.0
0.019,-0.1013,-0.115309475708,-0.1013,-0.1013,-0.1013,-0.1013,4.47113037109,4.49668884277,4.4709777832,4.48516845703,0.0,0.0,0.0
0.0195,-0.1013,-0.113878964233,-0.1013,-0.1013,-0.1013,-0.1013,4.45922851562,4.48188781738,4.45831298828,4.47135925293,0.0,0.0,0.0
0.02,-0.1013,-0.114117382813,-0.1013,-0.1013,-0.1013,-0.1013,4.44488525391,4.46975708008,4.44396972656,4.45846557617,0.0,0.0,0.0
0.0205,-0.1013,-0.110302685547,-0.1013,-0.1013,-0.1013,-0.1013,4.43145751953,4.4556427002,4.43176269531,4.44458007812,0.0,0.0,0.0
0.021,-0.1013,-0.113402127075,-0.1013,-0.1013,-0.1013,-0.1013,4.44717407227,4.47624206543,4.45854187012,4.47952270508,0.0,0.0,0.0
0.0215,-0.1013,-0.114594219971,-0.1013,-0.1013,-0.1013,-0.1013,4.57420349121,4.61036682129,4.59403991699,4.6183013916,0.0,0.0,0.0
0.022,-0.1013,-0.112925289917,-0.1013,-0.1013,-0.1013,-0.1013,4.66590881348,4.6891784668,4.66415405273,4.677734375,0.0,0.0,0.0
0.0225,-0.1013,-0.113878964233,-0.1013,-0.1013,-0.1013,-0.1013,4.65087890625,4.67658996582,4.64935302734,4.66438293457,0.0,0.0,0.0
0.023,-0.1013,-0.115786312866,-0.1013,-0.1013,-0.1013,-0.1013,4.63432312012,4.65927124023,4.63417053223,4.64736938477,0.0,0.0,0.0
0.0235,-0.1013,-0.113640545654,-0.1013,-0.1013,-0.1013,-0.1013,4.62005615234,4.64385986328,4.61822509766,4.63287353516,0.0,0.0,0.0
0.024,-0.1013,-0.114355801392,-0.1013,-0.1013,-0.1013,-0.1013,4.60334777832,4.62944030762,4.60327148438,4.6174621582,0.0,0.0,0.0
0.0245,-0.1013,-0.112925289917,-0.1013,-0.1013,-0.1013,-0.1013,4.5906829834,4.61372375488,4.58938598633,4.60258483887,0.0,0.0,0.0
0.025,-0.1013,-0.117216824341,-0.1013,-0.1013,-0.1013,-0.1013,4.57504272461,4.60037231445,4.57382202148,4.58885192871,0.0,0.0,0.0
0.0255,-0.1013,-0.113878964233,-0.1013,-0.1013,-0.1013,-0.1013,4.56047058105,4.58518981934,4.56069946289,4.57366943359,0.0,0.0,0.0
0.026,-0.1013,-0.119362591553,-0.1013,-0.1013,-0.1013,-0.1013,4.54772949219,4.57092285156,4.54620361328,4.560546875,0.0,0.0,0.0
0.0265,-0.1013,-0.116739987183,-0.1013,-0.1013,-0.1013,-0.1013,4.5320892334,4.55787658691,4.53178405762,4.54605102539,0.0,0.0,0.0
0.027,-0.1013,-0.118170498657,-0.1013,-0.1013,-0.1013,-0.1013,4.52011108398,4.5426940918,4.51889038086,4.53193664551,0.0,0.0,0.0
0.0275,-0.1013,-0.10958742981,-0.1013,-0.1013,-0.1013,-0.1013,4.50523376465,4.53018188477,4.50401306152,4.5191192627,0.0,0.0,0.0
0.028,-0.1013,-0.116263150024,-0.1013,-0.1013,-0.1013,-0.1013,4.49157714844,4.51599121094,4.49157714844,4.50424194336,0.0,0.0,0.0
0.0285,-0.1013,-0.11483263855,-0.1013,-0.1013,-0.1013,-0.1013,4.4792175293,4.501953125,4.47746276855,4.49165344238,0.0,0.0,0.0
0.029,-0.1013,-0.12007784729,-0.1013,-0.1013,-0.1013,-0.1013,4.46403503418,4.48928833008,4.46380615234,4.47769165039,0.0,0.0,0.0
0.0295,-0.1013,-0.110541104126,-0.1013,-0.1013,-0.1013,-0.1013,4.45236206055,4.47456359863,4.45137023926,4.46388244629,0.0,0.0,0.0
0.03,-0.1013,-0.121031521606,-0.1013,-0.1013,-0.1013,-0.1013,4.43778991699,4.46235656738,4.43649291992,4.4514465332,0.0,0.0,0.0
0.0305,-0.1013,-0.112448452759,-0.1013,-0.1013,-0.1013,-0.1013,4.4312286377,4.45693969727,4.43435668945,4.44831848145,0.0,0.0,0.0
0.031,-0.1013,-0.114594219971,-0.1013,-0.1013,-0.1013,-0.1013,4.50637817383,4.5393371582,4.52438354492,4.54933166504,0.0,0.0,0.0
0.0315,-0.1013,-0.116024731445,-0.1013,-0.1013,-0.1013,-0.1013,4.64317321777,4.67575073242,4.65484619141,4.67422485352,0.0,0.0,0.0
0.032,-0.1013,-0.117216824341,-0.1013,-0.1013,-0.1013,-0.1013,4.6607208252,4.68284606934,4.65759277344,4.6703338623,0.0,0.0,0.0
0.0325,-0.1013,-0.108872174072,-0.1013,-0.1013,-0.1013,-0.1013,4.64141845703,4.6671295166,4.63996887207,4.65538024902,0.0,0.0,0.0
0.033,-0.1013,-0.113163708496,-0.1013,-0.1013,-0.1013,-0.1013,4.62562561035,4.65049743652,4.62585449219,4.63851928711,0.0,0.0,0.0
0.0335,-0.1013,-0.11483263855,-0.1013,-0.1013,-0.1013,-0.1013,4.61166381836,4.63500976562,4.60960388184,4.62463378906,0.0,0.0,0.0
0.034,-0.1013,-0.116024731445,-0.1013,-0.1013,-0.1013,-0.1013,4.59526062012,4.62120056152,4.59487915039,4.60914611816,0.0,0.0,0.0
0.0345,-0.1013,-0.119362591553,-0.1013,-0.1013,-0.1013,-0.1013,4.5824432373,4.60548400879,4.58137512207,4.59457397461,0.0,0.0,0.0
0.035,-0.1013,-0.113878964233,-0.1013,-0.1013,-0.1013,-0.1013,4.56680297852,4.59251403809,4.56588745117,4.58068847656,0.0,0.0,0.0
0.0355,-0.1013,-0.118885754395,-0.1013,-0.1013,-0.1013,-0.1013,4.55268859863,4.57710266113,4.55307006836,4.56565856934,0.0,0.0,0.0
0.036,-0.1013,-0.111971615601,-0.1013,-0.1013,-0.1013,-0.1013,4.53971862793,4.56321716309,4.53765869141,4.55299377441,0.0,0.0,0.0
0.0365,-0.1013,-0.11483263855,-0.1013,-0.1013,-0.1013,-0.1013,4.52461242676,4.54978942871,4.52438354492,4.53788757324,0.0,0.0,0.0
0.037,-0.1013,-0.114117382813,-0.1013,-0.1013,-0.1013,-0.1013,4.51240539551,4.53521728516,4.51110839844,4.52430725098,0.0,0.0,0.0
0.0375,-0.1013,-0.113640545654,-0.1013,-0.1013,-0.1013,-0.1013,4.49729919434,4.52262878418,4.49645996094,4.51110839844,0.0,0.0,0.0
0.038,-0.1013,-0.10958742981,-0.1013,-0.1013,-0.1013,-0.1013,4.4841003418,4.50790405273,4.48425292969,4.49676513672,0.0,0.0,0.0
0.0385,-0.1013,-0.109825848389,-0.1013,-0.1013,-0.1013,-0.1013,4.47120666504,4.49447631836,4.46937561035,4.48417663574,0.0,0.0,0.0
0.039,-0.1013,-0.117216824341,-0.1013,-0.1013,-0.1013,-0.1013,4.45648193359,4.48150634766,4.45640563965,4.46975708008,0.0,0.0,0.0
0.0395,-0.1013,-0.110064266968,-0.1013,-0.1013,-0.1013,-0.1013,4.44496154785,4.46685791016,4.443359375,4.45640563965,0.0,0.0,0.0
0.04,-0.1013,-0.117693661499,-0.1013,-0.1013,-0.1013,-0.1013,4.42993164062,4.45533752441,4.43000793457,4.4458770752,0.0,0.0,0.0
0.0405,-0.1013,-0.120316265869,-0.1013,-0.1013,-0.1013,-0.1013,4.45526123047,4.48501586914,4.46853637695,4.4889831543,0.0,0.0,0.0
0.041,-0.1013,-0.109825848389,-0.1013,-0.1013,-0.1013,-0.1013,4.58961486816,4.62455749512,4.6076965332,4.63195800781,0.0,0.0,0.0
0.0415,-0.1013,-0.111256359863,-0.1013,-0.1013,-0.1013,-0.1013,4.6630859375,4.68818664551,4.66346740723,4.67758178711,0.0,0.0,0.0
0.042,-0.1013,-0.11483263855,-0.1013,-0.1013,-0.1013,-0.1013,4.65065002441,4.67391967773,4.64828491211,4.66262817383,0.0,0.0,0.0
0.0425,-0.1013,-0.116263150024,-0.1013,-0.1013,-0.1013,-0.1013,4.63233947754,4.65858459473,4.63180541992,4.64645385742,0.0,0.0,0.0
0.043,-0.1013,-0.112925289917,-0.1013,-0.1013,-0.1013,-0.1013,4.61883544922,4.64202880859,4.61738586426,4.63066101074,0.0,0.0,0.0
0.0435,-0.1013,-0.10672640686,-0.1013,-0.1013,-0.1013,-0.1013,4.60296630859,4.6280670166,4.60166931152,4.6166229248,0.0,0.0,0.0
0.044,-0.1013,-0.107441662598,-0.1013,-0.1013,-0.1013,-0.1013,4.58793640137,4.61311340332,4.58801269531,4.60083007812,0.0,0.0,0.0
0.0445,-0.1013,-0.118408917236,-0.1013,-0.1013,-0.1013,-0.1013,4.57489013672,4.59800720215,4.57313537598,4.58770751953,0.0,0.0,0.0
0.045,-0.1013,-0.115071057129,-0.1013,-0.1013,-0.1013,-0.1013,4.55902099609,4.58465576172,4.55856323242,4.57305908203,0.0,0.0,0.0
0.0455,-0.1013,-0.10958742981,-0.1013,-0.1013,-0.1013,-0.1013,4.54650878906,4.56939697266,4.54559326172,4.55825805664,0.0,0.0,0.0
0.046,-0.1013,-0.122938870239,-0.1013,-0.1013,-0.1013,-0.1013,4.53163146973,4.55665588379,4.5304107666,4.54551696777,0.0,0.0,0.0
0.0465,-0.1013,-0.113640545654,-0.1013,-0.1013,-0.1013,-0.1013,4.51766967773,4.54223632812,4.51751708984,4.53048706055,0.0,0.0,0.0
0.047,-0.1013,-0.119362591553,-0.1013,-0.1013,-0.1013,-0.1013,4.50485229492,4.52781677246,4.50340270996,4.51774597168,0.0,0.0,0.0
0.0475,-0.1013,-0.109825848389,-0.1013,-0.1013,-0.1013,-0.1013,4.4898223877,4.51545715332,4.48944091797,4.5036315918,0.0,0.0,0.0
0.048,-0.1013,-0.111256359863,-0.1013,-0.1013,-0.1013,-0.1013,4.47784423828,4.50057983398,4.47692871094,4.48974609375,0.0,0.0,0.0
0.0485,-0.1013,-0.116501568604,-0.1013,-0.1013,-0.1013,-0.1013,4.46334838867,4.48806762695,4.46212768555,4.47692871094,0.0,0.0,0.0
0.049,-0.1013,-0.111733197021,-0.1013,-0.1013,-0.1013,-0.1013,4.44969177246,4.47387695312,4.45007324219,4.46228027344,0.0,0.0,0.0
0.0495,-0.1013,-0.109110592651,-0.1013,-0.1013,-0.1013,-0.1013,4.43756103516,4.46014404297,4.43580627441,4.45014953613,0.0,0.0,0.0
0.05,-0.1013,-0.117693661499,-0.1013,-0.1013,-0.1013,-0.1013,4.43206787109,4.45846557617,4.43450927734,4.4507598877,0.0,0.0,0.0
0.0505,-0.1013,-0.118647335815,-0.1013,-0.1013,-0.1013,-0.1013,4.51934814453,4.55230712891,4.53872680664,4.5622253418,0.0,0.0,0.0
0.051,-0.1013,-0.111971615601,-0.1013,-0.1013,-0.1013,-0.1013,4.65194702148,4.68338012695,4.66087341309,4.68002319336,0.0,0.0,0.0
0.0515,-0.1013,-0.114117382813,-0.1013,-0.1013,-0.1013,-0.1013,4.65744018555,4.68185424805,4.65667724609,4.66987609863,0.0,0.0,0.0
0.052,-0.1013,-0.110541104126,-0.1013,-0.1013,-0.1013,-0.1013,4.64210510254,4.66567993164,4.64004516602,4.65476989746,0.0,0.0,0.0
0.0525,-0.1013,-0.116024731445,-0.1013,-0.1013,-0.1013,-0.1013,4.62478637695,4.65087890625,4.62409973145,4.63859558105,0.0,0.0,0.0
0.053,-0.1013,-0.12270045166,-0.1013,-0.1013,-0.1013,-0.1013,4.61120605469,4.63447570801,4.61006164551,4.62326049805,0.0,0.0,0.0
0.0535,-0.1013,-0.111971615601,-0.1013,-0.1013,-0.1013,-0.1013,4.59526062012,4.6208190918,4.59396362305,4.60929870605,0.0,0.0,0.0
0.054,-0.1013,-0.116263150024,-0.1013,-0.1013,-0.1013,-0.1013,4.58068847656,4.60517883301,4.58076477051,4.59365844727,0.0,0.0,0.0
0.0545,-0.1013,-0.118408917236,-0.1013,-0.1013,-0.1013,-0.1013,4.56748962402,4.59091186523,4.56565856934,4.58053588867,0.0,0.0,0.0
0.055,-0.1013,-0.113878964233,-0.1013,-0.1013,-0.1013,-0.1013,4.55215454102,4.57763671875,4.5516204834,4.56550598145,0.0,0.0,0.0
0.0555,-0.1013,-0.108395336914,-0.1013,-0.1013,-0.1013,-0.1013,4.53964233398,4.56237792969,4.53842163086,4.55139160156,0.0,0.0,0.0
0.056,-0.1013,-0.10958742981,-0.1013,-0.1013,-0.1013,-0.1013,4.52438354492,4.54986572266,4.52346801758,4.53834533691,0.0,0.0,0.0
0.0565,-0.1013,-0.109825848389,-0.1013,-0.1013,-0.1013,-0.1013,4.51072692871,4.53506469727,4.51103210449,4.52362060547,0.0,0.0,0.0
0.057,-0.1013,-0.116978405762,-0.1013,-0.1013,-0.1013,-0.1013,4.49783325195,4.52117919922,4.4962310791,4.51110839844,0.0,0.0,0.0
0.0575,-0.1013,-0.115786312866,-0.1013,-0.1013,-0.1013,-0.1013,4.48303222656,4.50820922852,4.48303222656,4.49638366699,0.0,0.0,0.0
0.058,-0.1013,-0.120793103027,-0.1013,-0.1013,-0.1013,-0.1013,4.47158813477,4.49378967285,4.46990966797,4.48280334473,0.0,0.0,0.0
0.0585,-0.1013,-0.115309475708,-0.1013,-0.1013,-0.1013,-0.1013,4.45617675781,4.48150634766,4.45571899414,4.47006225586,0.0,0.0,0.0
0.059,-0.1013,-0.120316265869,-0.1013,-0.1013,-0.1013,-0.1013,4.44381713867,4.46685791016,4.44343566895,4.4556427002,0.0,0.0,0.0
0.0595,-0.1013,-0.111494778442,-0.1013,-0.1013,-0.1013,-0.1013,4.43077087402,4.45449829102,4.43008422852,4.44602966309,0.0,0.0,0.0
0.06,-0.1013,-0.111971615601,-0.1013,-0.1013,-0.1013,-0.1013,4.4571685791,4.48905944824,4.47151184082,4.4921875,0.0,0.0,0.0
0.0605,-0.1013,-0.115786312866,-0.1013,-0.1013,-0.1013,-0.1013,4.59426879883,4.62753295898,4.61181640625,4.63539123535,0.0,0.0,0.0
0.061,-0.1013,-0.113878964233,-0.1013,-0.1013,-0.1013,-0.1013,4.66194152832,4.68818664551,4.66247558594,4.67864990234,0.0,0.0,0.0
0.0615,-0.1013,-0.117693661499,-0.1013,-0.1013,-0.1013,-0.1013,4.64973449707,4.67315673828,4.64813232422,4.6614074707,0.0,0.0,0.0
0.062,-0.1013,-0.114594219971,-0.1013,-0.1013,-0.1013,-0.1013,4.63256835938,4.65797424316,4.63096618652,4.64630126953,0.0,0.0,0.0
0.0625,-0.1013,-0.111971615601,-0.1013,-0.1013,-0.1013,-0.1013,4.61692810059,4.64202880859,4.61700439453,4.63005065918,0.0,0.0,0.0
0.063,-0.1013,-0.113402127075,-0.1013,-0.1013,-0.1013,-0.1013,4.60342407227,4.62684631348,4.60136413574,4.61608886719,0.0,0.0,0.0
0.0635,-0.1013,-0.113163708496,-0.1013,-0.1013,-0.1013,-0.1013,4.58709716797,4.61288452148,4.58679199219,4.60105895996,0.0,0.0,0.0
0.064,-0.1013,-0.119839428711,-0.1013,-0.1013,-0.1013,-0.1013,4.57427978516,4.59732055664,4.57298278809,4.58633422852,0.0,0.0,0.0
0.0645,-0.1013,-0.107680081177,-0.1013,-0.1013,-0.1013,-0.1013,4.5588684082,4.58435058594,4.55772399902,4.5726776123,0.0,0.0,0.0
0.065,-0.1013,-0.115786312866,-0.1013,-0.1013,-0.1013,-0.1013,4.54490661621,4.56939697266,4.54483032227,4.55764770508,0.0,0.0,0.0
0.0655,-0.1013,-0.115071057129,-0.1013,-0.1013,-0.1013,-0.1013,4.53178405762,4.55528259277,4.53025817871,4.54483032227,0.0,0.0,0.0
0.066,-0.1013,-0.111256359863,-0.1013,-0.1013,-0.1013,-0.1013,4.51667785645,4.54216003418,4.51637268066,4.53010559082,0.0,0.0,0.0
0.0665,-0.1013,-0.110302685547,-0.1013,-0.1013,-0.1013,-0.1013,4.50469970703,4.52735900879,4.50340270996,4.51652526855,0.0,0.0,0.0
0.067,-0.1013,-0.112925289917,-0.1013,-0.1013,-0.1013,-0.1013,4.4896697998,4.51499938965,4.48875427246,4.5036315918,0.0,0.0,0.0
0.0675,-0.1013,-0.11483263855,-0.1013,-0.1013,-0.1013,-0.1013,4.47624206543,4.50019836426,4.47631835938,4.48890686035,0.0,0.0,0.0
0.068,-0.1013,-0.121269940186,-0.1013,-0.1013,-0.1013,-0.1013,4.46380615234,4.48669433594,4.46189880371,4.47654724121,0.0,0.0,0.0
0.0685,-0.1013,-0.116978405762,-0.1013,-0.1013,-0.1013,-0.1013,4.44892883301,4.47402954102,4.44877624512,4.46243286133,0.0,0.0,0.0
0.069,-0.1013,-0.114594219971,-0.1013,-0.1013,-0.1013,-0.1013,4.43717956543,4.45945739746,4.43618774414,4.44877624512,0.0,0.0,0.0
0.0695,-0.1013,-0.116024731445,-0.1013,-0.1013,-0.1013,-0.1013,4.43252563477,4.45915222168,4.43511962891,4.45251464844,0.0,0.0,0.0
0.07,-0.1013,-0.121031521606,-0.1013,-0.1013,-0.1013,-0.1013,4.52461242676,4.55833435059,4.54437255859,4.56756591797,0.0,0.0,0.0
0.0705,-0.1013,-0.114117382813,-0.1013,-0.1013,-0.1013,-0.1013,4.65545654297,4.68505859375,4.66239929199,4.6809387207,0.0,0.0,0.0
0.071,-0.1013,-0.107680081177,-0.1013,-0.1013,-0.1013,-0.1013,4.65614318848,4.68147277832,4.65522766113,4.66934204102,0.0,0.0,0.0
0.0715,-0.1013,-0.111017941284,-0.1013,-0.1013,-0.1013,-0.1013,4.64157104492,4.66468811035,4.63966369629,4.65324401855,0.0,0.0,0.0
0.072,-0.1013,-0.123415707397,-0.1013,-0.1013,-0.1013,-0.1013,4.62425231934,4.65019226074,4.62326049805,4.63821411133,0.0,0.0,0.0
0.0725,-0.1013,-0.108156918335,-0.1013,-0.1013,-0.1013,-0.1013,4.60990905762,4.63401794434,4.60960388184,4.62226867676,0.0,0.0,0.0
0.073,-0.1013,-0.112925289917,-0.1013,-0.1013,-0.1013,-0.1013,4.59533691406,4.61967468262,4.59335327148,4.60876464844,0.0,0.0,0.0
0.0735,-0.1013,-0.119601010132,-0.1013,-0.1013,-0.1013,-0.1013,4.57969665527,4.6053314209,4.57962036133,4.59320068359,0.0,0.0,0.0
0.074,-0.1013,-0.113878964233,-0.1013,-0.1013,-0.1013,-0.1013,4.56703186035,4.58999633789,4.56573486328,4.57916259766,0.0,0.0,0.0
0.0745,-0.1013,-0.116263150024,-0.1013,-0.1013,-0.1013,-0.1013,4.5516204834,4.57717895508,4.55047607422,4.56535339355,0.0,0.0,0.0
0.075,-0.1013,-0.111971615601,-0.1013,-0.1013,-0.1013,-0.1013,4.53796386719,4.56192016602,4.53811645508,4.55039978027,0.0,0.0,0.0
0.0755,-0.1013,-0.110779522705,-0.1013,-0.1013,-0.1013,-0.1013,4.52476501465,4.54811096191,4.52293395996,4.5378112793,0.0,0.0,0.0
0.076,-0.1013,-0.113878964233,-0.1013,-0.1013,-0.1013,-0.1013,4.50996398926,4.53498840332,4.50942993164,4.5231628418,0.0,0.0,0.0
0.0765,-0.1013,-0.110779522705,-0.1013,-0.1013,-0.1013,-0.1013,4.4979095459,4.52041625977,4.49638366699,4.50958251953,0.0,0.0,0.0
0.077,-0.1013,-0.111256359863,-0.1013,-0.1013,-0.1013,-0.1013,4.48265075684,4.50790405273,4.48173522949,4.49638366699,0.0,0.0,0.0
0.0775,-0.1013,-0.110541104126,-0.1013,-0.1013,-0.1013,-0.1013,4.46922302246,4.49340820312,4.46975708008,4.48204040527,0.0,0.0,0.0
0.078,-0.1013,-0.10934901123,-0.1013,-0.1013,-0.1013,-0.1013,4.45678710938,4.4799041748,4.45495605469,4.46975708008,0.0,0.0,0.0
0.0785,-0.1013,-0.111733197021,-0.1013,-0.1013,-0.1013,-0.1013,4.44198608398,4.46685791016,4.44206237793,4.45526123047,0.0,0.0,0.0
0.079,-0.1013,-0.117693661499,-0.1013,-0.1013,-0.1013,-0.1013,4.43061828613,4.45350646973,4.4310760498,4.44534301758,0.0,0.0,0.0
0.0795,-0.1013,-0.114355801392,-0.1013,-0.1013,-0.1013,-0.1013,4.46128845215,4.49378967285,4.47540283203,4.49821472168,0.0,0.0,0.0
0.08,-0.1013,-0.115071057129,-0.1013,-0.1013,-0.1013,-0.1013,4.6012878418,4.63478088379,4.61952209473,4.6411895752,0.0,0.0,0.0
0.0805,-0.1013,-0.114117382813,-0.1013,-0.1013,-0.1013,-0.1013,4.66331481934,4.68902587891,4.66384887695,4.68048095703,0.0,0.0,0.0
0.081,-0.1013,-0.114117382813,-0.1013,-0.1013,-0.1013,-0.1013,4.64851379395,4.67414855957,4.64790344238,4.66148376465,0.0,0.0,0.0
0.0815,-0.1013,-0.121746777344,-0.1013,-0.1013,-0.1013,-0.1013,4.63394165039,4.65744018555,4.63218688965,4.64622497559,0.0,0.0,0.0
0.082,-0.1013,-0.111733197021,-0.1013,-0.1013,-0.1013,-0.1013,4.61715698242,4.64286804199,4.61647033691,4.63081359863,0.0,0.0,0.0
0.0825,-0.1013,-0.116978405762,-0.1013,-0.1013,-0.1013,-0.1013,4.6036529541,4.62692260742,4.60243225098,4.61578369141,0.0,0.0,0.0
0.083,-0.1013,-0.116024731445,-0.1013,-0.1013,-0.1013,-0.1013,4.58839416504,4.61326599121,4.58686828613,4.60205078125,0.0,0.0,0.0
0.0835,-0.1013,-0.114117382813,-0.1013,-0.1013,-0.1013,-0.1013,4.57336425781,4.59838867188,4.57344055176,4.58641052246,0.0,0.0,0.0
0.084,-0.1013,-0.116501568604,-0.1013,-0.1013,-0.1013,-0.1013,4.560546875,4.58358764648,4.55902099609,4.57298278809,0.0,0.0,0.0
0.0845,-0.1013,-0.11745524292,-0.1013,-0.1013,-0.1013,-0.1013,4.54490661621,4.57077026367,4.54460144043,4.5588684082,0.0,0.0,0.0
0.085,-0.1013,-0.119839428711,-0.1013,-0.1013,-0.1013,-0.1013,4.53239440918,4.55543518066,4.53147888184,4.54437255859,0.0,0.0,0.0
0.0855,-0.1013,-0.113878964233,-0.1013,-0.1013,-0.1013,-0.1013,4.51797485352,4.54254150391,4.51652526855,4.53147888184,0.0,0.0,0.0
0.086,-0.1013,-0.115071057129,-0.1013,-0.1013,-0.1013,-0.1013,4.50370788574,4.52857971191,4.5036315918,4.51644897461,0.0,0.0,0.0
0.0865,-0.1013,-0.114594219971,-0.1013,-0.1013,-0.1013,-0.1013,4.49142456055,4.51416015625,4.49005126953,4.50355529785,0.0,0.0,0.0
0.087,-0.1013,-0.113640545654,-0.1013,-0.1013,-0.1013,-0.1013,4.47616577148,4.50149536133,4.47555541992,4.49012756348,0.0,0.0,0.0
0.0875,-0.1013,-0.100765942383,-0.1013,-0.1013,-0.1013,-0.1013,4.46418762207,4.48692321777,4.46334838867,4.47601318359,0.0,0.0,0.0
0.088,-0.1013,-0.114594219971,-0.1013,-0.1013,-0.1013,-0.1013,4.4499206543,4.4743347168,4.44854736328,4.46350097656,0.0,0.0,0.0
0.0885,-0.1013,-0.109825848389,-0.1013,-0.1013,-0.1013,-0.1013,4.43634033203,4.46044921875,4.43641662598,4.44892883301,0.0,0.0,0.0
0.089,-0.1013,-0.117932080078,-0.1013,-0.1013,-0.1013,-0.1013,4.43374633789,4.45770263672,4.43550109863,4.45198059082,0.0,0.0,0.0
0.0895,-0.1013,-0.112448452759,-0.1013,-0.1013,-0.1013,-0.1013,4.52041625977,4.55642700195,4.54002380371,4.56489562988,0.0,0.0,0.0
0.09,-0.1013,-0.113163708496,-0.1013,-0.1013,-0.1013,-0.1013,4.65377807617,4.68246459961,4.66217041016,4.67872619629,0.0,0.0,0.0
0.0905,-0.1013,-0.113640545654,-0.1013,-0.1013,-0.1013,-0.1013,4.65644836426,4.68154907227,4.65423583984,4.67010498047,0.0,0.0,0.0
0.091,-0.1013,-0.117693661499,-0.1013,-0.1013,-0.1013,-0.1013,4.63989257812,4.66499328613,4.63966369629,4.65270996094,0.0,0.0,0.0
0.0915,-0.1013,-0.116978405762,-0.1013,-0.1013,-0.1013,-0.1013,4.62532043457,4.64912414551,4.62364196777,4.63821411133,0.0,0.0,0.0
0.092,-0.1013,-0.115309475708,-0.1013,-0.1013,-0.1013,-0.1013,4.60861206055,4.63455200195,4.60838317871,4.62280273438,0.0,0.0,0.0
0.0925,-0.1013,-0.109825848389,-0.1013,-0.1013,-0.1013,-0.1013,4.59564208984,4.61845397949,4.59442138672,4.60784912109,0.0,0.0,0.0
0.093,-0.1013,-0.116501568604,-0.1013,-0.1013,-0.1013,-0.1013,4.58030700684,4.60540771484,4.57870483398,4.59396362305,0.0,0.0,0.0
0.0935,-0.1013,-0.121508358765,-0.1013,-0.1013,-0.1013,-0.1013,4.5654296875,4.59030151367,4.56573486328,4.57855224609,0.0,0.0,0.0
0.094,-0.1013,-0.110302685547,-0.1013,-0.1013,-0.1013,-0.1013,4.55261230469,4.57595825195,4.55108642578,4.56535339355,0.0,0.0,0.0
0.0945,-0.1013,-0.116978405762,-0.1013,-0.1013,-0.1013,-0.1013,4.53704833984,4.5629119873,4.53681945801,4.55078125,0.0,0.0,0.0
0.095,-0.1013,-0.11745524292,-0.1013,-0.1013,-0.1013,-0.1013,4.52484130859,4.54780578613,4.52377319336,4.53674316406,0.0,0.0,0.0
0.0955,-0.1013,-0.118170498657,-0.1013,-0.1013,-0.1013,-0.1013,4.51011657715,4.53506469727,4.50881958008,4.52407836914,0.0,0.0,0.0
0.096,-0.1013,-0.113402127075,-0.1013,-0.1013,-0.1013,-0.1013,4.49615478516,4.52056884766,4.4962310791,4.50897216797,0.0,0.0,0.0
0.0965,-0.1013,-0.111494778442,-0.1013,-0.1013,-0.1013,-0.1013,4.48371887207,4.50675964355,4.48204040527,4.49645996094,0.0,0.0,0.0
0.097,-0.1013,-0.113640545654,-0.1013,-0.1013,-0.1013,-0.1013,4.4686126709,4.49417114258,4.46853637695,4.482421875,0.0,0.0,0.0
0.0975,-0.1013,-0.113640545654,-0.1013,-0.1013,-0.1013,-0.1013,4.45693969727,4.47914123535,4.45602416992,4.46876525879,0.0,0.0,0.0
0.098,-0.1013,-0.115786312866,-0.1013,-0.1013,-0.1013,-0.1013,4.4425201416,4.46701049805,4.44122314453,4.45587158203,0.0,0.0,0.0
0.0985,-0.1013,-0.117932080078,-0.1013,-0.1013,-0.1013,-0.1013,4.42932128906,4.45411682129,4.43176269531,4.44526672363,0.0,0.0,0.0
0.099,-0.1013,-0.115071057129,-0.1013,-0.1013,-0.1013,-0.1013,4.46403503418,4.49447631836,4.4775390625,4.50073242188,0.0,0.0,0.0
0.0995,-0.1013,-0.11221003418,-0.1013,-0.1013,-0.1013,-0.1013,4.6021270752,4.63722229004,4.62005615234,4.64286804199,0.0,0.0,0.0
0.1,-0.1013,-0.111256359863,-0.1013,-0.1013,-0.1013,-0.1013,4.66339111328,4.6875,4.66400146484,4.67910766602,0.0,0.0,0.0
0.1005,-0.1013,-0.114594219971,-0.1013,-0.1013,-0.1013,-0.1013,4.64752197266,4.6736907959,4.64630126953,4.66102600098,0.0,0.0,0.0
0.101,-0.1013,-0.114117382813,-0.1013,-0.1013,-0.1013,-0.1013,4.63241577148,4.65644836426,4.63188171387,4.64447021484,0.0,0.0,0.0
0.1015,-0.1013,-0.113163708496,-0.1013,-0.1013,-0.1013,-0.1013,4.61723327637,4.64134216309,4.61532592773,4.63027954102,0.0,0.0,0.0
0.102,-0.1013,-0.110302685547,-0.1013,-0.1013,-0.1013,-0.1013,4.60090637207,4.62692260742,4.60098266602,4.61471557617,0.0,0.0,0.0
0.1025,-0.1013,-0.113640545654,-0.1013,-0.1013,-0.1013,-0.1013,4.58824157715,4.61120605469,4.5866394043,4.60021972656,0.0,0.0,0.0
0.103,-0.1013,-0.116739987183,-0.1013,-0.1013,-0.1013,-0.1013,4.57229614258,4.5979309082,4.57145690918,4.58618164062,0.0,0.0,0.0
0.1035,-0.1013,-0.109110592651,-0.1013,-0.1013,-0.1013,-0.1013,4.55909729004,4.5825958252,4.55863952637,4.57107543945,0.0,0.0,0.0
0.104,-0.1013,-0.110541104126,-0.1013,-0.1013,-0.1013,-0.1013,4.54483032227,4.56939697266,4.5435333252,4.5581817627,0.0,0.0,0.0
0.1045,-0.1013,-0.11745524292,-0.1013,-0.1013,-0.1013,-0.1013,4.53033447266,4.55535888672,4.53010559082,4.54322814941,0.0,0.0,0.0
0.105,-0.1013,-0.111733197021,-0.1013,-0.1013,-0.1013,-0.1013,4.51759338379,4.54055786133,4.51637268066,4.52980041504,0.0,0.0,0.0
0.1055,-0.1013,-0.110064266968,-0.1013,-0.1013,-0.1013,-0.1013,4.50248718262,4.5280456543,4.50210571289,4.51637268066,0.0,0.0,0.0
0.106,-0.1013,-0.116024731445,-0.1013,-0.1013,-0.1013,-0.1013,4.4905090332,4.51309204102,4.48959350586,4.50225830078,0.0,0.0,0.0
0.1065,-0.1013,-0.11221003418,-0.1013,-0.1013,-0.1013,-0.1013,4.47608947754,4.50050354004,4.47471618652,4.48936462402,0.0,0.0,0.0
0.107,-0.1013,-0.120793103027,-0.1013,-0.1013,-0.1013,-0.1013,4.46197509766,4.48661804199,4.46235656738,4.47486877441,0.0,0.0,0.0
0.1075,-0.1013,-0.115071057129,-0.1013,-0.1013,-0.1013,-0.1013,4.4499206543,4.47250366211,4.44831848145,4.46235656738,0.0,0.0,0.0
0.108,-0.1013,-0.116263150024,-0.1013,-0.1013,-0.1013,-0.1013,4.43504333496,4.46014404297,4.43450927734,4.44862365723,0.0,0.0,0.0
0.1085,-0.1013,-0.118647335815,-0.1013,-0.1013,-0.1013,-0.1013,4.43428039551,4.45823669434,4.43748474121,4.45388793945,0.0,0.0,0.0
0.109,-0.1013,-0.116978405762,-0.1013,-0.1013,-0.1013,-0.1013,4.53033447266,4.56604003906,4.55009460449,4.57550048828,0.0,0.0,0.0
0.1095,-0.1013,-0.113402127075,-0.1013,-0.1013,-0.1013,-0.1013,4.65744018555,4.68673706055,4.66514587402,4.68055725098,0.0,0.0,0.0
0.11,-0.1013,-0.116501568604,-0.1013,-0.1013,-0.1013,-0.1013,4.6558380127,4.67956542969,4.6541595459,4.66941833496,0.0,0.0,0.0
0.1105,-0.1013,-0.105295895386,-0.1013,-0.1013,-0.1013,-0.1013,4.63882446289,4.66453552246,4.63790893555,4.65209960938,0.0,0.0,0.0
0.111,-0.1013,-0.116978405762,-0.1013,-0.1013,-0.1013,-0.1013,4.6248626709,4.64813232422,4.62310791016,4.63684082031,0.0,0.0,0.0
0.1115,-0.1013,-0.113878964233,-0.1013,-0.1013,-0.1013,-0.1013,4.60807800293,4.63386535645,4.60746765137,4.62203979492,0.0,0.0,0.0
0.112,-0.1013,-0.108633755493,-0.1013,-0.1013,-0.1013,-0.1013,4.59457397461,4.61807250977,4.5938873291,4.60662841797,0.0,0.0,0.0
0.1125,-0.1013,-0.116263150024,-0.1013,-0.1013,-0.1013,-0.1013,4.58000183105,4.6044921875,4.57817077637,4.59320068359,0.0,0.0,0.0
0.113,-0.1013,-0.113163708496,-0.1013,-0.1013,-0.1013,-0.1013,4.56489562988,4.58999633789,4.56474304199,4.57794189453,0.0,0.0,0.0
0.1135,-0.1013,-0.114117382813,-0.1013,-0.1013,-0.1013,-0.1013,4.55200195312,4.57504272461,4.55055236816,4.56436157227,0.0,0.0,0.0
0.114,-0.1013,-0.111017941284,-0.1013,-0.1013,-0.1013,-0.1013,4.53659057617,4.5622253418,4.5361328125,4.55039978027,0.0,0.0,0.0
0.1145,-0.1013,-0.108633755493,-0.1013,-0.1013,-0.1013,-0.1013,4.52415466309,4.54696655273,4.52301025391,4.5361328125,0.0,0.0,0.0
0.115,-0.1013,-0.109110592651,-0.1013,-0.1013,-0.1013,-0.1013,4.50942993164,4.53422546387,4.50820922852,4.52308654785,0.0,0.0,0.0
0.1155,-0.1013,-0.10672640686,-0.1013,-0.1013,-0.1013,-0.1013,4.49554443359,4.52018737793,4.49562072754,4.50820922852,0.0,0.0,0.0
0.116,-0.1013,-0.111256359863,-0.1013,-0.1013,-0.1013,-0.1013,4.48295593262,4.50592041016,4.48150634766,4.49562072754,0.0,0.0,0.0
0.1165,-0.1013,-0.113163708496,-0.1013,-0.1013,-0.1013,-0.1013,4.46792602539,4.49325561523,4.46746826172,4.48165893555,0.0,0.0,0.0
0.117,-0.1013,-0.115309475708,-0.1013,-0.1013,-0.1013,-0.1013,4.45617675781,4.47860717773,4.45503234863,4.46792602539,0.0,0.0,0.0
0.1175,-0.1013,-0.111971615601,-0.1013,-0.1013,-0.1013,-0.1013,4.44145202637,4.46647644043,4.44061279297,4.45503234863,0.0,0.0,0.0
0.118,-0.1013,-0.117932080078,-0.1013,-0.1013,-0.1013,-0.1013,4.4295501709,4.45426940918,4.43237304688,4.4457244873,0.0,0.0,0.0
0.1185,-0.1013,-0.118170498657,-0.1013,-0.1013,-0.1013,-0.1013,4.46960449219,4.50119018555,4.48387145996,4.50744628906,0.0,0.0,0.0
0.119,-0.1013,-0.11745524292,-0.1013,-0.1013,-0.1013,-0.1013,4.60952758789,4.64424133301,4.62730407715,4.64897155762,0.0,0.0,0.0
0.1195,-0.1013,-0.110302685547,-0.1013,-0.1013,-0.1013,-0.1013,4.66331481934,4.68818664551,4.66438293457,4.67918395996,0.0,0.0,0.0
0.12,-0.1013,-0.105534313965,-0.1013,-0.1013,-0.1013,-0.1013,4.64645385742,4.67269897461,4.64561462402,4.6605682373,0.0,0.0,0.0
0.1205,-0.1013,-0.114594219971,-0.1013,-0.1013,-0.1013,-0.1013,4.63203430176,4.65560913086,4.63104248047,4.64385986328,0.0,0.0,0.0
0.121,-0.1013,-0.113640545654,-0.1013,-0.1013,-0.1013,-0.1013,4.61631774902,4.64126586914,4.61456298828,4.62982177734,0.0,0.0,0.0
0.1215,-0.1013,-0.116024731445,-0.1013,-0.1013,-0.1013,-0.1013,4.60060119629,4.62600708008,4.60075378418,4.61372375488,0.0,0.0,0.0
0.122,-0.1013,-0.121269940186,-0.1013,-0.1013,-0.1013,-0.1013,4.58740234375,4.61059570312,4.5858001709,4.60014343262,0.0,0.0,0.0
0.1225,-0.1013,-0.107918499756,-0.1013,-0.1013,-0.1013,-0.1013,4.57130432129,4.5972442627,4.57077026367,4.58541870117,0.0,0.0,0.0
0.123,-0.1013,-0.107680081177,-0.1013,-0.1013,-0.1013,-0.1013,4.55894470215,4.58183288574,4.5580291748,4.57054138184,0.0,0.0,0.0
0.1235,-0.1013,-0.115786312866,-0.1013,-0.1013,-0.1013,-0.1013,4.54383850098,4.56886291504,4.54246520996,4.55772399902,0.0,0.0,0.0
0.124,-0.1013,-0.115547894287,-0.1013,-0.1013,-0.1013,-0.1013,4.52949523926,4.55421447754,4.52987670898,4.54254150391,0.0,0.0,0.0
0.1245,-0.1013,-0.116501568604,-0.1013,-0.1013,-0.1013,-0.1013,4.51713562012,4.54025268555,4.51522827148,4.52980041504,0.0,0.0,0.0
0.125,-0.1013,-0.116263150024,-0.1013,-0.1013,-0.1013,-0.1013,4.50180053711,4.5272064209,4.50149536133,4.51545715332,0.0,0.0,0.0
0.1255,-0.1013,-0.10934901123,-0.1013,-0.1013,-0.1013,-0.1013,4.48974609375,4.51232910156,4.48875427246,4.50180053711,0.0,0.0,0.0
0.126,-0.1013,-0.111256359863,-0.1013,-0.1013,-0.1013,-0.1013,4.4750213623,4.50012207031,4.47395324707,4.48875427246,0.0,0.0,0.0
0.1265,-0.1013,-0.113163708496,-0.1013,-0.1013,-0.1013,-0.1013,4.46136474609,4.48532104492,4.46182250977,4.47418212891,0.0,0.0,0.0
0.127,-0.1013,-0.111494778442,-0.1013,-0.1013,-0.1013,-0.1013,4.44900512695,4.47174072266,4.44732666016,4.46166992188,0.0,0.0,0.0
0.1275,-0.1013,-0.116024731445,-0.1013,-0.1013,-0.1013,-0.1013,4.43435668945,4.45922851562,4.43420410156,4.44747924805,0.0,0.0,0.0
0.128,-0.1013,-0.114594219971,-0.1013,-0.1013,-0.1013,-0.1013,4.43511962891,4.45915222168,4.43878173828,4.45617675781,0.0,0.0,0.0
0.1285,-0.1013,-0.120793103027,-0.1013,-0.1013,-0.1013,-0.1013,4.53552246094,4.57145690918,4.55513000488,4.58053588867,0.0,0.0,0.0
0.129,-0.1013,-0.113640545654,-0.1013,-0.1013,-0.1013,-0.1013,4.66064453125,4.68795776367,4.66590881348,4.68116760254,0.0,0.0,0.0
0.1295,-0.1013,-0.115071057129,-0.1013,-0.1013,-0.1013,-0.1013,4.65538024902,4.6800994873,4.65385437012,4.66918945312,0.0,0.0,0.0
0.13,-0.1013,-0.118647335815,-0.1013,-0.1013,-0.1013,-0.1013,4.638671875,4.66407775879,4.638671875,4.65141296387,0.0,0.0,0.0
0.1305,-0.1013,-0.113878964233,-0.1013,-0.1013,-0.1013,-0.1013,4.62417602539,4.64782714844,4.62249755859,4.63722229004,0.0,0.0,0.0
0.131,-0.1013,-0.100527523804,-0.1013,-0.1013,-0.1013,-0.1013,4.60762023926,4.63363647461,4.60723876953,4.62158203125,0.0,0.0,0.0
0.1315,-0.1013,-0.121269940186,-0.1013,-0.1013,-0.1013,-0.1013,4.59442138672,4.6174621582,4.59350585938,4.60647583008,0.0,0.0,0.0
0.132,-0.1013,-0.116263150024,-0.1013,-0.1013,-0.1013,-0.1013,4.57901000977,4.60418701172,4.57763671875,4.5930480957,0.0,0.0,0.0
0.1325,-0.1013,-0.115309475708,-0.1013,-0.1013,-0.1013,-0.1013,4.5645904541,4.58930969238,4.5645904541,4.5775604248,0.0,0.0,0.0
0.133,-0.1013,-0.116501568604,-0.1013,-0.1013,-0.1013,-0.1013,4.5516204834,4.57489013672,4.55001831055,4.5645904541,0.0,0.0,0.0
0.1335,-0.1013,-0.111971615601,-0.1013,-0.1013,-0.1013,-0.1013,4.53590393066,4.56169128418,4.53582763672,4.5499420166,0.0,0.0,0.0
0.134,-0.1013,-0.114117382813,-0.1013,-0.1013,-0.1013,-0.1013,4.52392578125,4.5467376709,4.52270507812,4.53590393066,0.0,0.0,0.0
0.1345,-0.1013,-0.115786312866,-0.1013,-0.1013,-0.1013,-0.1013,4.50912475586,4.53407287598,4.50775146484,4.52278137207,0.0,0.0,0.0
0.135,-0.1013,-0.114594219971,-0.1013,-0.1013,-0.1013,-0.1013,4.49516296387,4.51942443848,4.4953918457,4.50805664062,0.0,0.0,0.0
0.1355,-0.1013,-0.111733197021,-0.1013,-0.1013,-0.1013,-0.1013,4.48265075684,4.50592041016,4.48104858398,4.49554443359,0.0,0.0,0.0
0.136,-0.1013,-0.119601010132,-0.1013,-0.1013,-0.1013,-0.1013,4.46800231934,4.49295043945,4.46739196777,4.48127746582,0.0,0.0,0.0
0.1365,-0.1013,-0.116263150024,-0.1013,-0.1013,-0.1013,-0.1013,4.45571899414,4.47807312012,4.45465087891,4.46746826172,0.0,0.0,0.0
0.137,-0.1013,-0.111733197021,-0.1013,-0.1013,-0.1013,-0.1013,4.4408416748,4.46601867676,4.44023132324,4.45487976074,0.0,0.0,0.0
0.1375,-0.1013,-0.116263150024,-0.1013,-0.1013,-0.1013,-0.1013,4.42993164062,4.45449829102,4.43237304688,4.4458770752,0.0,0.0,0.0
0.138,-0.1013,-0.112686871338,-0.1013,-0.1013,-0.1013,-0.1013,4.47135925293,4.50302124023,4.4856262207,4.50950622559,0.0,0.0,0.0
0.1385,-0.1013,-0.113878964233,-0.1013,-0.1013,-0.1013,-0.1013,4.61143493652,4.64599609375,4.62913513184,4.65065002441,0.0,0.0,0.0
0.139,-0.1013,-0.119839428711,-0.1013,-0.1013,-0.1013,-0.1013,4.66331481934,4.68856811523,4.66438293457,4.67918395996,0.0,0.0,0.0
0.1395,-0.1013,-0.108395336914,-0.1013,-0.1013,-0.1013,-0.1013,4.64645385742,4.67239379883,4.64569091797,4.66041564941,0.0,0.0,0.0
0.14,-0.1013,-0.108872174072,-0.1013,-0.1013,-0.1013,-0.1013,4.63203430176,4.65545654297,4.63088989258,4.64378356934,0.0,0.0,0.0
0.1405,-0.1013,-0.112448452759,-0.1013,-0.1013,-0.1013,-0.1013,4.61547851562,4.64126586914,4.61441040039,4.62966918945,0.0,0.0,0.0
0.141,-0.1013,-0.110064266968,-0.1013,-0.1013,-0.1013,-0.1013,4.60060119629,4.62547302246,4.60083007812,4.61364746094,0.0,0.0,0.0
0.1415,-0.1013,-0.116501568604,-0.1013,-0.1013,-0.1013,-0.1013,4.58686828613,4.61051940918,4.58526611328,4.60014343262,0.0,0.0,0.0
0.142,-0.1013,-0.115547894287,-0.1013,-0.1013,-0.1013,-0.1013,4.57130432129,4.5972442627,4.57099914551,4.5849609375,0.0,0.0,0.0
0.1425,-0.1013,-0.108633755493,-0.1013,-0.1013,-0.1013,-0.1013,4.55894470215,4.58168029785,4.55749511719,4.57092285156,0.0,0.0,0.0
0.143,-0.1013,-0.115309475708,-0.1013,-0.1013,-0.1013,-0.1013,4.5433807373,4.56901550293,4.54231262207,4.55726623535,0.0,0.0,0.0
0.1435,-0.1013,-0.119601010132,-0.1013,-0.1013,-0.1013,-0.1013,4.5295715332,4.5539855957,4.52987670898,4.54254150391,0.0,0.0,0.0
0.144,-0.1013,-0.112448452759,-0.1013,-0.1013,-0.1013,-0.1013,4.51683044434,4.54010009766,4.51499938965,4.53002929688,0.0,0.0,0.0
0.1445,-0.1013,-0.119839428711,-0.1013,-0.1013,-0.1013,-0.1013,4.50187683105,4.52697753906,4.5011138916,4.51530456543,0.0,0.0,0.0
0.145,-0.1013,-0.111971615601,-0.1013,-0.1013,-0.1013,-0.1013,4.4896697998,4.51210021973,4.48844909668,4.50149536133,0.0,0.0,0.0
0.1455,-0.1013,-0.113878964233,-0.1013,-0.1013,-0.1013,-0.1013,4.47479248047,4.49996948242,4.47402954102,4.48875427246,0.0,0.0,0.0
0.146,-0.1013,-0.115547894287,-0.1013,-0.1013,-0.1013,-0.1013,4.4612121582,4.4856262207,4.46182250977,4.47410583496,0.0,0.0,0.0
0.1465,-0.1013,-0.108633755493,-0.1013,-0.1013,-0.1013,-0.1013,4.44892883301,4.47204589844,4.44694519043,4.46182250977,0.0,0.0,0.0
0.147,-0.1013,-0.120554684448,-0.1013,-0.1013,-0.1013,-0.1013,4.43435668945,4.45930480957,4.43397521973,4.44747924805,0.0,0.0,0.0
0.1475,-0.1013,-0.116263150024,-0.1013,-0.1013,-0.1013,-0.1013,4.43519592285,4.45960998535,4.43954467773,4.45724487305,0.0,0.0,0.0
0.148,-0.1013,-0.121985195923,-0.1013,-0.1013,-0.1013,-0.1013,4.53735351562,4.57344055176,4.55711364746,4.5824432373,0.0,0.0,0.0
0.1485,-0.1013,-0.113163708496,-0.1013,-0.1013,-0.1013,-0.1013,4.66026306152,4.68772888184,4.66583251953,4.68032836914,0.0,0.0,0.0
0.149,-0.1013,-0.111971615601,-0.1013,-0.1013,-0.1013,-0.1013,4.65454101562,4.67910766602,4.65263366699,4.66842651367,0.0,0.0,0.0
0.1495,-0.1013,-0.117216824341,-0.1013,-0.1013,-0.1013,-0.1013,4.63752746582,4.66331481934,4.63729858398,4.65087890625,0.0,0.0,0.0
0.15,-0.1013,-0.112448452759,-0.1013,-0.1013,-0.1013,-0.1013,4.62341308594,4.64668273926,4.6216583252,4.63592529297,0.0,0.0,0.0
0.1505,-0.1013,-0.114594219971,-0.1013,-0.1013,-0.1013,-0.1013,4.60662841797,4.63256835938,4.60624694824,4.62097167969,0.0,0.0,0.0
0.151,-0.1013,-0.117693661499,-0.1013,-0.1013,-0.1013,-0.1013,4.59350585938,4.61669921875,4.59259033203,4.60540771484,0.0,0.0,0.0
0.1515,-0.1013,-0.113402127075,-0.1013,-0.1013,-0.1013,-0.1013,4.5783996582,4.60327148438,4.5768737793,4.59213256836,0.0,0.0,0.0
0.152,-0.1013,-0.115071057129,-0.1013,-0.1013,-0.1013,-0.1013,4.56359863281,4.58862304688,4.5637512207,4.57656860352,0.0,0.0,0.0
0.1525,-0.1013,-0.111733197021,-0.1013,-0.1013,-0.1013,-0.1013,4.55085754395,4.57420349121,4.54895019531,4.56359863281,0.0,0.0,0.0
0.153,-0.1013,-0.116024731445,-0.1013,-0.1013,-0.1013,-0.1013,4.53506469727,4.56085205078,4.53491210938,4.54917907715,0.0,0.0,0.0
0.1535,-0.1013,-0.116024731445,-0.1013,-0.1013,-0.1013,-0.1013,4.52301025391,4.54574584961,4.52186584473,4.53498840332,0.0,0.0,0.0
0.154,-0.1013,-0.107680081177,-0.1013,-0.1013,-0.1013,-0.1013,4.50836181641,4.5329284668,4.50714111328,4.52186584473,0.0,0.0,0.0
0.1545,-0.1013,-0.118885754395,-0.1013,-0.1013,-0.1013,-0.1013,4.49440002441,4.51881408691,4.49440002441,4.50698852539,0.0,0.0,0.0
0.155,-0.1013,-0.115547894287,-0.1013,-0.1013,-0.1013,-0.1013,4.48181152344,4.50485229492,4.48028564453,4.49462890625,0.0,0.0,0.0
0.1555,-0.1013,-0.111733197021,-0.1013,-0.1013,-0.1013,-0.1013,4.46678161621,4.49211120605,4.46662902832,4.48059082031,0.0,0.0,0.0
0.156,-0.1013,-0.111733197021,-0.1013,-0.1013,-0.1013,-0.1013,4.45526123047,4.47731018066,4.45404052734,4.46662902832,0.0,0.0,0.0
0.1565,-0.1013,-0.117693661499,-0.1013,-0.1013,-0.1013,-0.1013,4.44030761719,4.46502685547,4.43946838379,4.45404052734,0.0,0.0,0.0
0.157,-0.1013,-0.116978405762,-0.1013,-0.1013,-0.1013,-0.1013,4.42977905273,4.45487976074,4.43267822266,4.44648742676,0.0,0.0,0.0
0.1575,-0.1013,-0.122462033081,-0.1013,-0.1013,-0.1013,-0.1013,4.47967529297,4.51133728027,4.49523925781,4.5191192627,0.0,0.0,0.0
0.158,-0.1013,-0.109825848389,-0.1013,-0.1013,-0.1013,-0.1013,4.62028503418,4.65492248535,4.63684082031,4.65797424316,0.0,0.0,0.0
0.1585,-0.1013,-0.115547894287,-0.1013,-0.1013,-0.1013,-0.1013,4.66369628906,4.68818664551,4.66354370117,4.6768951416,0.0,0.0,0.0
0.159,-0.1013,-0.119362591553,-0.1013,-0.1013,-0.1013,-0.1013,4.64500427246,4.6711730957,4.64416503906,4.6590423584,0.0,0.0,0.0
0.1595,-0.1013,-0.113163708496,-0.1013,-0.1013,-0.1013,-0.1013,4.63020324707,4.65400695801,4.62936401367,4.64241027832,0.0,0.0,0.0
0.16,-0.1013,-0.117216824341,-0.1013,-0.1013,-0.1013,-0.1013,4.61486816406,4.63905334473,4.61334228516,4.62829589844,0.0,0.0,0.0
0.1605,-0.1013,-0.110541104126,-0.1013,-0.1013,-0.1013,-0.1013,4.59915161133,4.62463378906,4.59861755371,4.6125793457,0.0,0.0,0.0
0.161,-0.1013,-0.114117382813,-0.1013,-0.1013,-0.1013,-0.1013,4.58641052246,4.60929870605,4.58473205566,4.59800720215,0.0,0.0,0.0
0.1615,-0.1013,-0.110779522705,-0.1013,-0.1013,-0.1013,-0.1013,4.57008361816,4.59587097168,4.5694732666,4.5841217041,0.0,0.0,0.0
0.162,-0.1013,-0.116978405762,-0.1013,-0.1013,-0.1013,-0.1013,4.55726623535,4.58045959473,4.55642700195,4.56924438477,0.0,0.0,0.0
0.1625,-0.1013,-0.116263150024,-0.1013,-0.1013,-0.1013,-0.1013,4.54315185547,4.56733703613,4.54124450684,4.5565032959,0.0,0.0,0.0
0.163,-0.1013,-0.114594219971,-0.1013,-0.1013,-0.1013,-0.1013,4.52835083008,4.55337524414,4.52819824219,4.54139709473,0.0,0.0,0.0
0.1635,-0.1013,-0.11745524292,-0.1013,-0.1013,-0.1013,-0.1013,4.51568603516,4.5386505127,4.51438903809,4.5280456543,0.0,0.0,0.0
0.164,-0.1013,-0.116739987183,-0.1013,-0.1013,-0.1013,-0.1013,4.50042724609,4.52629089355,4.49989318848,4.51438903809,0.0,0.0,0.0
0.1645,-0.1013,-0.115309475708,-0.1013,-0.1013,-0.1013,-0.1013,4.48837280273,4.5108795166,4.48768615723,4.50004577637,0.0,0.0,0.0
0.165,-0.1013,-0.114594219971,-0.1013,-0.1013,-0.1013,-0.1013,4.47402954102,4.49836730957,4.47288513184,4.48760986328,0.0,0.0,0.0
0.1655,-0.1013,-0.117693661499,-0.1013,-0.1013,-0.1013,-0.1013,4.46014404297,4.48463439941,4.46022033691,4.47296142578,0.0,0.0,0.0
0.166,-0.1013,-0.105534313965,-0.1013,-0.1013,-0.1013,-0.1013,4.44816589355,4.47059631348,4.44648742676,4.4605255127,0.0,0.0,0.0
0.1665,-0.1013,-0.107441662598,-0.1013,-0.1013,-0.1013,-0.1013,4.43290710449,4.45838928223,4.43260192871,4.44694519043,0.0,0.0,0.0
0.167,-0.1013,-0.116501568604,-0.1013,-0.1013,-0.1013,-0.1013,4.43717956543,4.46365356445,4.44564819336,4.46418762207,0.0,0.0,0.0
0.1675,-0.1013,-0.117216824341,-0.1013,-0.1013,-0.1013,-0.1013,4.55154418945,4.58755493164,4.57107543945,4.59663391113,0.0,0.0,0.0
0.168,-0.1013,-0.110779522705,-0.1013,-0.1013,-0.1013,-0.1013,4.66400146484,4.69146728516,4.66796875,4.68101501465,0.0,0.0,0.0
0.1685,-0.1013,-0.116501568604,-0.1013,-0.1013,-0.1013,-0.1013,4.65492248535,4.67918395996,4.65316772461,4.66835021973,0.0,0.0,0.0
0.169,-0.1013,-0.117932080078,-0.1013,-0.1013,-0.1013,-0.1013,4.63745117188,4.66331481934,4.63676452637,4.65087890625,0.0,0.0,0.0
0.1695,-0.1013,-0.115071057129,-0.1013,-0.1013,-0.1013,-0.1013,4.62356567383,4.6467590332,4.62203979492,4.63531494141,0.0,0.0,0.0
0.17,-0.1013,-0.112686871338,-0.1013,-0.1013,-0.1013,-0.1013,4.6070098877,4.63264465332,4.60609436035,4.6208190918,0.0,0.0,0.0
0.1705,-0.1013,-0.111494778442,-0.1013,-0.1013,-0.1013,-0.1013,4.59373474121,4.61685180664,4.59274291992,4.60556030273,0.0,0.0,0.0
0.171,-0.1013,-0.10934901123,-0.1013,-0.1013,-0.1013,-0.1013,4.57885742188,4.60342407227,4.57710266113,4.59228515625,0.0,0.0,0.0
0.1715,-0.1013,-0.117932080078,-0.1013,-0.1013,-0.1013,-0.1013,4.56367492676,4.58885192871,4.56390380859,4.57672119141,0.0,0.0,0.0
0.172,-0.1013,-0.124130963135,-0.1013,-0.1013,-0.1013,-0.1013,4.55085754395,4.57412719727,4.54956054688,4.56359863281,0.0,0.0,0.0
0.1725,-0.1013,-0.106249569702,-0.1013,-0.1013,-0.1013,-0.1013,4.5352935791,4.56108093262,4.53491210938,4.54933166504,0.0,0.0,0.0
0.173,-0.1013,-0.116978405762,-0.1013,-0.1013,-0.1013,-0.1013,4.52301025391,4.54582214355,4.52209472656,4.53498840332,0.0,0.0,0.0
0.1735,-0.1013,-0.119601010132,-0.1013,-0.1013,-0.1013,-0.1013,4.5085144043,4.53308105469,4.50698852539,4.52217102051,0.0,0.0,0.0
0.174,-0.1013,-0.111017941284,-0.1013,-0.1013,-0.1013,-0.1013,4.49447631836,4.51889038086,4.49462890625,4.50729370117,0.0,0.0,0.0
0.1745,-0.1013,-0.104580639648,-0.1013,-0.1013,-0.1013,-0.1013,4.48211669922,4.50508117676,4.48036193848,4.4947052002,0.0,0.0,0.0
0.175,-0.1013,-0.116263150024,-0.1013,-0.1013,-0.1013,-0.1013,4.46662902832,4.49226379395,4.46678161621,4.4807434082,0.0,0.0,0.0
0.1755,-0.1013,-0.115309475708,-0.1013,-0.1013,-0.1013,-0.1013,4.45526123047,4.47761535645,4.45388793945,4.46701049805,0.0,0.0,0.0
0.176,-0.1013,-0.110541104126,-0.1013,-0.1013,-0.1013,-0.1013,4.44076538086,4.4652557373,4.43939208984,4.45419311523,0.0,0.0,0.0
0.1765,-0.1013,-0.11745524292,-0.1013,-0.1013,-0.1013,-0.1013,4.42947387695,4.4548034668,4.43252563477,4.44625854492,0.0,0.0,0.0
0.177,-0.1013,-0.115547894287,-0.1013,-0.1013,-0.1013,-0.1013,4.47685241699,4.5085144043,4.49203491211,4.51629638672,0.0,0.0,0.0
0.1775,-0.1013,-0.11745524292,-0.1013,-0.1013,-0.1013,-0.1013,4.61814880371,4.65232849121,4.63455200195,4.65591430664,0.0,0.0,0.0
0.178,-0.1013,-0.115547894287,-0.1013,-0.1013,-0.1013,-0.1013,4.66361999512,4.68849182129,4.66438293457,4.67781066895,0.0,0.0,0.0
0.1785,-0.1013,-0.110064266968,-0.1013,-0.1013,-0.1013,-0.1013,4.6452331543,4.67155456543,4.64462280273,4.65965270996,0.0,0.0,0.0
0.179,-0.1013,-0.111017941284,-0.1013,-0.1013,-0.1013,-0.1013,4.63088989258,4.65454101562,4.62982177734,4.64279174805,0.0,0.0,0.0
0.1795,-0.1013,-0.113402127075,-0.1013,-0.1013,-0.1013,-0.1013,4.61524963379,4.63996887207,4.61357116699,4.62867736816,0.0,0.0,0.0
0.18,-0.1013,-0.111017941284,-0.1013,-0.1013,-0.1013,-0.1013,4.59945678711,4.62493896484,4.59968566895,4.61296081543,0.0,0.0,0.0
0.1805,-0.1013,-0.116978405762,-0.1013,-0.1013,-0.1013,-0.1013,4.58656311035,4.60968017578,4.58465576172,4.59892272949,0.0,0.0,0.0
0.181,-0.1013,-0.113402127075,-0.1013,-0.1013,-0.1013,-0.1013,4.57054138184,4.59632873535,4.57000732422,4.58442687988,0.0,0.0,0.0
0.1815,-0.1013,-0.113640545654,-0.1013,-0.1013,-0.1013,-0.1013,4.55787658691,4.5809173584,4.55696105957,4.56985473633,0.0,0.0,0.0
0.182,-0.1013,-0.111733197021,-0.1013,-0.1013,-0.1013,-0.1013,4.54315185547,4.56787109375,4.54193115234,4.55657958984,0.0,0.0,0.0
0.1825,-0.1013,-0.115547894287,-0.1013,-0.1013,-0.1013,-0.1013,4.52896118164,4.55360412598,4.52896118164,4.54154968262,0.0,0.0,0.0
0.183,-0.1013,-0.113878964233,-0.1013,-0.1013,-0.1013,-0.1013,4.51606750488,4.53918457031,4.51461791992,4.52896118164,0.0,0.0,0.0
0.1835,-0.1013,-0.115071057129,-0.1013,-0.1013,-0.1013,-0.1013,4.50088500977,4.5263671875,4.50050354004,4.51469421387,0.0,0.0,0.0
0.184,-0.1013,-0.114594219971,-0.1013,-0.1013,-0.1013,-0.1013,4.48883056641,4.51141357422,4.48776245117,4.50057983398,0.0,0.0,0.0
0.1845,-0.1013,-0.115309475708,-0.1013,-0.1013,-0.1013,-0.1013,4.47441101074,4.49890136719,4.47311401367,4.48791503906,0.0,0.0,0.0
0.185,-0.1013,-0.121031521606,-0.1013,-0.1013,-0.1013,-0.1013,4.46022033691,4.4849395752,4.46075439453,4.47326660156,0.0,0.0,0.0
0.1855,-0.1013,-0.113163708496,-0.1013,-0.1013,-0.1013,-0.1013,4.4482421875,4.47113037109,4.44679260254,4.46083068848,0.0,0.0,0.0
0.186,-0.1013,-0.113640545654,-0.1013,-0.1013,-0.1013,-0.1013,4.43351745605,4.45854187012,4.43328857422,4.44717407227,0.0,0.0,0.0
0.1865,-0.1013,-0.116024731445,-0.1013,-0.1013,-0.1013,-0.1013,4.43634033203,4.46228027344,4.44343566895,4.46220397949,0.0,0.0,0.0
0.187,-0.1013,-0.125561474609,-0.1013,-0.1013,-0.1013,-0.1013,4.5475769043,4.58343505859,4.56748962402,4.59289550781,0.0,0.0,0.0
0.1875,-0.1013,-0.114117382813,-0.1013,-0.1013,-0.1013,-0.1013,4.6630859375,4.69062805176,4.66735839844,4.68086242676,0.0,0.0,0.0
0.188,-0.1013,-0.112686871338,-0.1013,-0.1013,-0.1013,-0.1013,4.65454101562,4.67887878418,4.6533203125,4.66842651367,0.0,0.0,0.0
0.1885,-0.1013,-0.116024731445,-0.1013,-0.1013,-0.1013,-0.1013,4.63714599609,4.66316223145,4.63661193848,4.6508026123,0.0,0.0,0.0
0.189,-0.1013,-0.110779522705,-0.1013,-0.1013,-0.1013,-0.1013,4.62356567383,4.64660644531,4.62203979492,4.63531494141,0.0,0.0,0.0
0.1895,-0.1013,-0.116501568604,-0.1013,-0.1013,-0.1013,-0.1013,4.60708618164,4.63302612305,4.60601806641,4.62112426758,0.0,0.0,0.0
0.19,-0.1013,-0.118170498657,-0.1013,-0.1013,-0.1013,-0.1013,4.5923614502,4.61708068848,4.59243774414,4.6053314209,0.0,0.0,0.0
0.1905,-0.1013,-0.115547894287,-0.1013,-0.1013,-0.1013,-0.1013,4.5792388916,4.60266113281,4.57725524902,4.59197998047,0.0,0.0,0.0
0.191,-0.1013,-0.106487988281,-0.1013,-0.1013,-0.1013,-0.1013,4.56329345703,4.58908081055,4.5629119873,4.57672119141,0.0,0.0,0.0
0.1915,-0.1013,-0.115547894287,-0.1013,-0.1013,-0.1013,-0.1013,4.55093383789,4.57344055176,4.54963684082,4.56260681152,0.0,0.0,0.0
0.192,-0.1013,-0.117216824341,-0.1013,-0.1013,-0.1013,-0.1013,4.53582763672,4.56085205078,4.53453063965,4.54963684082,0.0,0.0,0.0
0.1925,-0.1013,-0.120316265869,-0.1013,-0.1013,-0.1013,-0.1013,4.52178955078,4.54612731934,4.52209472656,4.53460693359,0.0,0.0,0.0
0.193,-0.1013,-0.120316265869,-0.1013,-0.1013,-0.1013,-0.1013,4.5092010498,4.53224182129,4.50736999512,4.52201843262,0.0,0.0,0.0
0.1935,-0.1013,-0.116263150024,-0.1013,-0.1013,-0.1013,-0.1013,4.49401855469,4.51934814453,4.49378967285,4.50729370117,0.0,0.0,0.0
0.194,-0.1013,-0.111733197021,-0.1013,-0.1013,-0.1013,-0.1013,4.482421875,4.50462341309,4.4807434082,4.49401855469,0.0,0.0,0.0
0.1945,-0.1013,-0.117216824341,-0.1013,-0.1013,-0.1013,-0.1013,4.46701049805,4.49241638184,4.46640014648,4.48081970215,0.0,0.0,0.0
0.195,-0.1013,-0.112448452759,-0.1013,-0.1013,-0.1013,-0.1013,4.45411682129,4.47769165039,4.45426940918,4.46640014648,0.0,0.0,0.0
0.1955,-0.1013,-0.110302685547,-0.1013,-0.1013,-0.1013,-0.1013,4.44137573242,4.46449279785,4.4393157959,4.45419311523,0.0,0.0,0.0
0.196,-0.1013,-0.119601010132,-0.1013,-0.1013,-0.1013,-0.1013,4.42970275879,4.45579528809,4.43214416504,4.4465637207,0.0,0.0,0.0
0.1965,-0.1013,-0.120316265869,-0.1013,-0.1013,-0.1013,-0.1013,4.47975158691,4.51103210449,4.49569702148,4.51904296875,0.0,0.0,0.0
0.197,-0.1013,-0.113402127075,-0.1013,-0.1013,-0.1013,-0.1013,4.62020874023,4.65484619141,4.6361541748,4.65843200684,0.0,0.0,0.0
0.1975,-0.1013,-0.117693661499,-0.1013,-0.1013,-0.1013,-0.1013,4.66293334961,4.68757629395,4.66346740723,4.67613220215,0.0,0.0,0.0
0.198,-0.1013,-0.116024731445,-0.1013,-0.1013,-0.1013,-0.1013,4.64485168457,4.67025756836,4.64340209961,4.65858459473,0.0,0.0,0.0
0.1985,-0.1013,-0.110541104126,-0.1013,-0.1013,-0.1013,-0.1013,4.62860107422,4.65393066406,4.62890625,4.64157104492,0.0,0.0,0.0
0.199,-0.1013,-0.118647335815,-0.1013,-0.1013,-0.1013,-0.1013,4.61494445801,4.63829040527,4.61303710938,4.62745666504,0.0,0.0,0.0
0.1995,-0.1013,-0.111971615601,-0.1013,-0.1013,-0.1013,-0.1013,4.59815979004,4.62440490723,4.59800720215,4.61196899414,0.0,0.0,0.0
0.2,-0.1013,-0.115071057129,-0.1013,-0.1013,-0.1013,-0.1013,4.58534240723,4.60838317871,4.58404541016,4.59732055664,0.0,0.0,0.0
0.2005,-0.1013,-0.10958742981,-0.1013,-0.1013,-0.1013,-0.1013,4.56993103027,4.59526062012,4.56871032715,4.58374023438,0.0,0.0,0.0
0.201,-0.1013,-0.116024731445,-0.1013,-0.1013,-0.1013,-0.1013,4.55558776855,4.580078125,4.55581665039,4.56848144531,0.0,0.0,0.0
0.2015,-0.1013,-0.117216824341,-0.1013,-0.1013,-0.1013,-0.1013,4.54277038574,4.56604003906,4.54078674316,4.55558776855,0.0,0.0,0.0
0.202,-0.1013,-0.115786312866,-0.1013,-0.1013,-0.1013,-0.1013,4.52728271484,4.55291748047,4.52697753906,4.54063415527,0.0,0.0,0.0
0.2025,-0.1013,-0.105057476807,-0.1013,-0.1013,-0.1013,-0.1013,4.51538085938,4.53796386719,4.51393127441,4.52697753906,0.0,0.0,0.0
0.203,-0.1013,-0.115309475708,-0.1013,-0.1013,-0.1013,-0.1013,4.50004577637,4.52537536621,4.49913024902,4.51400756836,0.0,0.0,0.0
0.2035,-0.1013,-0.10934901123,-0.1013,-0.1013,-0.1013,-0.1013,4.48661804199,4.51080322266,4.48699951172,4.49928283691,0.0,0.0,0.0
0.204,-0.1013,-0.11483263855,-0.1013,-0.1013,-0.1013,-0.1013,4.47395324707,4.4970703125,4.47219848633,4.48669433594,0.0,0.0,0.0
0.2045,-0.1013,-0.119839428711,-0.1013,-0.1013,-0.1013,-0.1013,4.45915222168,4.48425292969,4.45892333984,4.47273254395,0.0,0.0,0.0
0.205,-0.1013,-0.121031521606,-0.1013,-0.1013,-0.1013,-0.1013,4.4474029541,4.46975708008,4.44625854492,4.45907592773,0.0,0.0,0.0
0.2055,-0.1013,-0.10934901123,-0.1013,-0.1013,-0.1013,-0.1013,4.4327545166,4.45762634277,4.43176269531,4.44618225098,0.0,0.0,0.0
0.206,-0.1013,-0.119124172974,-0.1013,-0.1013,-0.1013,-0.1013,4.43878173828,4.46723937988,4.44953918457,4.46846008301,0.0,0.0,0.0
0.2065,-0.1013,-0.113402127075,-0.1013,-0.1013,-0.1013,-0.1013,4.55947875977,4.59419250488,4.57870483398,4.60403442383,0.0,0.0,0.0
0.207,-0.1013,-0.117216824341,-0.1013,-0.1013,-0.1013,-0.1013,4.66453552246,4.69169616699,4.66621398926,4.67964172363,0.0,0.0,0.0
0.2075,-0.1013,-0.115547894287,-0.1013,-0.1013,-0.1013,-0.1013,4.65431213379,4.677734375,4.65255737305,4.6662902832,0.0,0.0,0.0
0.208,-0.1013,-0.111733197021,-0.1013,-0.1013,-0.1013,-0.1013,4.63592529297,4.66217041016,4.6354675293,4.6501159668,0.0,0.0,0.0
0.2085,-0.1013,-0.118885754395,-0.1013,-0.1013,-0.1013,-0.1013,4.62196350098,4.64553833008,4.62104797363,4.63401794434,0.0,0.0,0.0
0.209,-0.1013,-0.114355801392,-0.1013,-0.1013,-0.1013,-0.1013,4.60655212402,4.63134765625,4.60487365723,4.61982727051,0.0,0.0,0.0
0.2095,-0.1013,-0.0928981292725,-0.1013,-0.1013,-0.1013,-0.1013,4.59098815918,4.61647033691,4.59098815918,4.60433959961,0.0,0.0,0.0
0.21,-0.1013,-0.117932080078,-0.1013,-0.1013,-0.1013,-0.1013,4.57794189453,4.60121154785,4.57672119141,4.59014892578,0.0,0.0,0.0
0.2105,-0.1013,-0.115547894287,-0.1013,-0.1013,-0.1013,-0.1013,4.56253051758,4.5881652832,4.56146240234,4.57641601562,0.0,0.0,0.0
0.211,-0.1013,-0.118408917236,-0.1013,-0.1013,-0.1013,-0.1013,4.54963684082,4.57260131836,4.54856872559,4.56161499023,0.0,0.0,0.0
0.2115,-0.1013,-0.111017941284,-0.1013,-0.1013,-0.1013,-0.1013,4.53468322754,4.5597076416,4.53346252441,4.5484161377,0.0,0.0,0.0
0.212,-0.1013,-0.115786312866,-0.1013,-0.1013,-0.1013,-0.1013,4.52079772949,4.54521179199,4.52087402344,4.53353881836,0.0,0.0,0.0
0.2125,-0.1013,-0.116263150024,-0.1013,-0.1013,-0.1013,-0.1013,4.50813293457,4.53086853027,4.50653076172,4.5206451416,0.0,0.0,0.0
0.213,-0.1013,-0.116024731445,-0.1013,-0.1013,-0.1013,-0.1013,4.49279785156,4.5182800293,4.49249267578,4.50675964355,0.0,0.0,0.0
0.2135,-0.1013,-0.111017941284,-0.1013,-0.1013,-0.1013,-0.1013,4.4807434082,4.50355529785,4.4799041748,4.49264526367,0.0,0.0,0.0
0.214,-0.1013,-0.115547894287,-0.1013,-0.1013,-0.1013,-0.1013,4.46624755859,4.49096679688,4.46502685547,4.4800567627,0.0,0.0,0.0
0.2145,-0.1013,-0.110541104126,-0.1013,-0.1013,-0.1013,-0.1013,4.45259094238,4.4766998291,4.45281982422,4.46533203125,0.0,0.0,0.0
0.215,-0.1013,-0.111256359863,-0.1013,-0.1013,-0.1013,-0.1013,4.44030761719,4.46296691895,4.43855285645,4.45304870605,0.0,0.0,0.0
0.2155,-0.1013,-0.11483263855,-0.1013,-0.1013,-0.1013,-0.1013,4.43023681641,4.45648193359,4.43214416504,4.4474029541,0.0,0.0,0.0
0.216,-0.1013,-0.117932080078,-0.1013,-0.1013,-0.1013,-0.1013,4.48890686035,4.5206451416,4.50614929199,4.52911376953,0.0,0.0,0.0
0.2165,-0.1013,-0.116024731445,-0.1013,-0.1013,-0.1013,-0.1013,4.63005065918,4.66407775879,4.64416503906,4.6662902832,0.0,0.0,0.0
0.217,-0.1013,-0.110779522705,-0.1013,-0.1013,-0.1013,-0.1013,4.66377258301,4.68772888184,4.66247558594,4.67430114746,0.0,0.0,0.0
0.2175,-0.1013,-0.119124172974,-0.1013,-0.1013,-0.1013,-0.1013,4.6452331543,4.67002868652,4.64317321777,4.65835571289,0.0,0.0,0.0
0.218,-0.1013,-0.107441662598,-0.1013,-0.1013,-0.1013,-0.1013,4.62829589844,4.65400695801,4.62791442871,4.64149475098,0.0,0.0,0.0
0.2185,-0.1013,-0.115309475708,-0.1013,-0.1013,-0.1013,-0.1013,4.61456298828,4.63790893555,4.61318969727,4.62669372559,0.0,0.0,0.0
0.219,-0.1013,-0.108395336914,-0.1013,-0.1013,-0.1013,-0.1013,4.59815979004,4.62409973145,4.59747314453,4.61212158203,0.0,0.0,0.0
0.2195,-0.1013,-0.117216824341,-0.1013,-0.1013,-0.1013,-0.1013,4.58488464355,4.60823059082,4.5841217041,4.59701538086,0.0,0.0,0.0
0.22,-0.1013,-0.117216824341,-0.1013,-0.1013,-0.1013,-0.1013,4.57023620605,4.59495544434,4.5686340332,4.58358764648,0.0,0.0,0.0
0.2205,-0.1013,-0.115786312866,-0.1013,-0.1013,-0.1013,-0.1013,4.55543518066,4.58061218262,4.55543518066,4.56840515137,0.0,0.0,0.0
0.221,-0.1013,-0.114594219971,-0.1013,-0.1013,-0.1013,-0.1013,4.54292297363,4.56565856934,4.54109191895,4.55528259277,0.0,0.0,0.0
0.2215,-0.1013,-0.116978405762,-0.1013,-0.1013,-0.1013,-0.1013,4.52705383301,4.55268859863,4.52659606934,4.54116821289,0.0,0.0,0.0
0.222,-0.1013,-0.115309475708,-0.1013,-0.1013,-0.1013,-0.1013,4.51477050781,4.53758239746,4.51416015625,4.52674865723,0.0,0.0,0.0
0.2225,-0.1013,-0.114594219971,-0.1013,-0.1013,-0.1013,-0.1013,4.50080871582,4.52491760254,4.49890136719,4.51400756836,0.0,0.0,0.0
0.223,-0.1013,-0.123415707397,-0.1013,-0.1013,-0.1013,-0.1013,4.48638916016,4.5108795166,4.48669433594,4.49913024902,0.0,0.0,0.0
0.2235,-0.1013,-0.112686871338,-0.1013,-0.1013,-0.1013,-0.1013,4.47402954102,4.49699401855,4.47280883789,4.48661804199,0.0,0.0,0.0
